scenario,setup,clients,workload,rep,ops_per_sec,p50_ms,p95_ms,p99_ms,max_ms,errors,misses,stale,ops
single,1 node,16,mixed,1,61067,0.246,0.383,0.498,20.543,0,0,0,489323
single,1 node,16,mixed,2,61225,0.244,0.388,0.525,19.678,0,0,0,490364
single,1 node,16,mixed,3,61103,0.246,0.378,0.499,25.137,0,0,0,489074
single,1 node,16,mixed,4,61312,0.242,0.386,0.548,49.327,0,0,0,490760
single,1 node,16,mixed,5,59381,0.251,0.392,0.525,23.342,0,0,0,475396
single,1 node,16,writes,1,58862,0.252,0.399,0.555,26.144,0,0,0,471110
single,1 node,16,writes,2,60211,0.248,0.377,0.496,32.687,0,0,0,482124
single,1 node,16,writes,3,59194,0.251,0.393,0.526,14.801,0,0,0,473935
single,1 node,16,writes,4,59494,0.251,0.399,0.530,17.525,0,0,0,476187
single,1 node,16,writes,5,58191,0.253,0.398,0.552,19.092,0,0,0,465776
scaling,3 nodes,16,mixed,1,22152,0.630,1.360,2.385,12.239,0,0,0,177440
scaling,3 nodes,16,mixed,2,22956,0.615,1.255,2.129,14.879,0,0,0,183783
scaling,3 nodes,16,mixed,3,22560,0.623,1.339,2.155,18.973,0,0,0,180726
scaling,3 nodes,16,mixed,4,22680,0.626,1.265,2.114,13.822,0,0,0,181602
scaling,3 nodes,16,mixed,5,21048,0.631,1.512,3.258,15.622,0,0,0,168641
scaling,5 nodes,16,mixed,1,17197,0.760,1.904,4.097,30.384,0,0,0,137711
scaling,5 nodes,16,mixed,2,20347,0.677,1.503,2.960,14.838,0,0,0,162925
scaling,5 nodes,16,mixed,3,21057,0.667,1.400,2.453,15.221,0,0,0,168664
scaling,5 nodes,16,mixed,4,21595,0.654,1.352,2.488,13.213,0,0,0,172966
scaling,5 nodes,16,mixed,5,21386,0.658,1.387,2.265,14.506,0,0,0,171230
consistency,ONE,16,mixed,1,22579,0.564,1.654,3.026,16.458,0,0,0,180842
consistency,ONE,16,mixed,2,23822,0.539,1.562,2.528,14.985,0,0,0,190824
consistency,ONE,16,mixed,3,24723,0.533,1.449,2.321,15.127,0,0,0,197915
consistency,ONE,16,mixed,4,24441,0.530,1.508,2.290,13.921,0,0,0,195785
consistency,ONE,16,mixed,5,21564,0.549,1.752,3.979,29.195,0,0,0,172670
consistency,QUORUM,16,mixed,1,22031,0.635,1.288,2.603,14.459,0,0,0,176446
consistency,QUORUM,16,mixed,2,22134,0.636,1.339,2.250,18.424,0,0,0,177258
consistency,QUORUM,16,mixed,3,22928,0.619,1.253,2.036,17.064,0,0,0,183648
consistency,QUORUM,16,mixed,4,22890,0.616,1.298,2.122,13.252,0,0,0,183283
consistency,QUORUM,16,mixed,5,20358,0.627,1.576,4.080,25.583,0,0,0,162969
consistency,ALL,16,mixed,1,19427,0.736,1.336,2.920,13.844,0,0,0,155589
consistency,ALL,16,mixed,2,20749,0.700,1.236,2.100,12.724,0,0,0,166238
consistency,ALL,16,mixed,3,20748,0.699,1.253,2.145,14.484,0,0,0,166144
consistency,ALL,16,mixed,4,21209,0.692,1.215,1.842,12.863,0,0,0,169913
consistency,ALL,16,mixed,5,20649,0.703,1.245,2.256,20.298,0,0,0,165358
value-size,100 B,16,mixed,1,21815,0.633,1.373,2.736,13.492,0,0,0,174751
value-size,100 B,16,mixed,2,22420,0.636,1.268,2.131,13.737,0,0,0,179608
value-size,100 B,16,mixed,3,23067,0.608,1.294,2.100,27.060,0,0,0,184635
value-size,100 B,16,mixed,4,22754,0.625,1.270,1.950,28.318,0,0,0,182299
value-size,100 B,16,mixed,5,18835,0.667,1.861,4.245,22.228,0,0,0,150768
value-size,1000 B,16,mixed,1,20604,0.676,1.438,2.465,12.924,0,0,0,164954
value-size,1000 B,16,mixed,2,20501,0.680,1.407,2.531,22.977,0,0,0,164310
value-size,1000 B,16,mixed,3,21499,0.650,1.343,2.408,13.759,0,0,0,172132
value-size,1000 B,16,mixed,4,21018,0.666,1.367,2.358,23.258,0,0,0,168230
value-size,1000 B,16,mixed,5,19479,0.673,1.699,3.617,21.435,0,0,0,155959
value-size,10000 B,16,mixed,1,12035,0.964,3.330,6.384,47.853,0,0,0,96419
value-size,10000 B,16,mixed,2,14576,0.895,2.212,4.948,33.794,0,0,0,116750
value-size,10000 B,16,mixed,3,15439,0.885,1.872,4.632,23.365,0,0,0,123601
value-size,10000 B,16,mixed,4,15500,0.868,1.936,4.633,18.287,0,0,0,124205
value-size,10000 B,16,mixed,5,10955,1.053,3.932,6.943,21.765,0,0,0,87835
concurrency,3 nodes,1,writes,1,4505,0.207,0.284,0.383,6.268,0,0,0,36058
concurrency,3 nodes,1,writes,2,4446,0.207,0.279,0.409,33.079,0,0,0,35585
concurrency,3 nodes,1,writes,3,4543,0.206,0.269,0.352,9.128,0,0,0,36358
concurrency,3 nodes,1,writes,4,4443,0.209,0.282,0.417,7.047,0,0,0,35554
concurrency,3 nodes,1,writes,5,4499,0.207,0.277,0.374,7.234,0,0,0,36009
concurrency,3 nodes,4,writes,1,11791,0.312,0.519,0.797,5.542,0,0,0,94403
concurrency,3 nodes,4,writes,2,12031,0.306,0.499,0.741,13.463,0,0,0,96293
concurrency,3 nodes,4,writes,3,11622,0.316,0.524,0.817,7.529,0,0,0,93020
concurrency,3 nodes,4,writes,4,12158,0.305,0.495,0.686,9.305,0,0,0,97308
concurrency,3 nodes,4,writes,5,11984,0.308,0.506,0.736,24.403,0,0,0,95927
concurrency,3 nodes,16,writes,1,23419,0.607,1.261,2.023,15.929,0,0,0,187471
concurrency,3 nodes,16,writes,2,19625,0.655,1.792,3.521,15.493,0,0,0,157163
concurrency,3 nodes,16,writes,3,22501,0.628,1.303,2.181,14.125,0,0,0,180195
concurrency,3 nodes,16,writes,4,22494,0.615,1.353,2.307,12.745,0,0,0,180064
concurrency,3 nodes,16,writes,5,22136,0.630,1.318,2.484,15.691,0,0,0,177213
concurrency,3 nodes,64,writes,1,23079,2.363,5.514,8.169,19.789,0,0,0,185424
concurrency,3 nodes,64,writes,2,19345,2.702,7.621,12.523,28.204,0,0,0,155047
concurrency,3 nodes,64,writes,3,16689,3.206,8.332,13.234,33.077,0,0,0,133756
concurrency,3 nodes,64,writes,4,23802,2.323,5.189,7.317,31.611,0,0,0,190739
concurrency,3 nodes,64,writes,5,23875,2.346,5.144,7.089,25.373,0,0,0,191286
production,3 nodes prod,16,mixed,1,14803,0.913,2.259,3.608,15.864,0,0,0,118599
production,3 nodes prod,16,mixed,2,15616,0.874,2.110,3.325,23.010,0,0,0,125023
production,3 nodes prod,16,mixed,3,15557,0.875,2.127,3.469,12.045,0,0,0,124598
production,3 nodes prod,16,mixed,4,13484,0.937,2.677,5.339,27.993,0,0,0,107978
production,3 nodes prod,16,mixed,5,15596,0.873,2.114,3.299,18.797,0,0,0,124874
production,3 nodes prod,16,writes,1,6037,2.406,4.963,6.285,25.722,0,0,0,48368
production,3 nodes prod,16,writes,2,5864,2.506,5.020,6.740,15.853,0,0,0,46998
production,3 nodes prod,16,writes,3,5364,2.645,5.808,9.100,21.612,0,0,0,43007
production,3 nodes prod,16,writes,4,5850,2.492,5.120,6.629,32.180,0,0,0,46849
production,3 nodes prod,16,writes,5,5976,2.458,4.980,6.350,13.580,0,0,0,47880
